my_choice,opponent_choice,decks,hn_wins,hn_losses,hn_ties,ron_wins,ron_losses,ron_ties,hn_win_pct,hn_tie_pct,ron_win_pct,ron_tie_pct,hn_label,ron_label
BBB,BBR,5100100,2062683,2250672,786745,2406821,2591308,101971,40,15,47,2,40(15),47(2)
BBB,BRB,5100100,1079431,3389872,630797,1413866,3603481,82753,21,12,28,2,21(12),28(2)
BBB,BRR,5100100,574191,3924697,601212,897992,4100447,101661,11,12,18,2,11(12),18(2)
BBB,RBB,5100100,5735,5073716,20649,44,5100038,18,0,0,0,0,0(0),0(0)
BBB,RBR,5100100,856096,3540086,703918,1285440,3706051,108609,17,14,25,2,17(14),25(2)
BBB,RRB,5100100,42534,4933756,123810,48501,5038351,13248,1,2,1,0,1(2),1(0)
BBB,RRR,5100100,1657264,1659838,1782998,2476192,2477468,146440,32,35,49,3,32(35),49(3)
BBR,BBB,5100100,2250672,2062683,786745,2591308,2406821,101971,44,15,51,2,44(15),51(2)
BBR,BRB,5100100,4086138,590942,423020,4402873,630177,67050,80,8,86,1,80(8),86(1)
BBR,BRR,5100100,4501913,264617,333570,4873967,183331,42802,88,7,96,1,88(7),96(1)
BBR,RBB,5100100,133396,4770107,196597,9621,5088125,2354,3,4,0,0,3(4),0(0)
BBR,RBR,5100100,4040876,579096,480128,4680612,348966,70522,79,9,92,1,79(9),92(1)
BBR,RRB,5100100,2087453,2088541,924106,2437506,2436653,225941,41,18,48,4,41(18),48(4)
BBR,RRR,5100100,4932969,42396,124735,5038880,47833,13387,97,2,99,0,97(2),99(0)
BRB,BBB,5100100,3389872,1079431,630797,3603481,1413866,82753,66,12,71,2,66(12),71(2)
BRB,BBR,5100100,590942,4086138,423020,630177,4402873,67050,12,8,12,1,12(8),12(1)
BRB,BRR,5100100,2200611,2202897,696592,2475527,2478842,145731,43,14,49,3,43(14),49(3)
BRB,RBB,5100100,2159940,2255140,685020,2141909,2847125,111066,42,13,42,2,42(13),42(2)
BRB,RBR,5100100,2071482,2071959,956659,2489523,2488152,122425,41,19,49,2,41(19),49(2)
BRB,RRB,5100100,577933,4041108,481059,348610,4680322,71168,11,9,7,1,11(9),7(1)
BRB,RRR,5100100,3539938,856570,703592,3703742,1287344,109014,69,14,73,2,69(14),73(2)
BRR,BBB,5100100,3924697,574191,601212,4100447,897992,101661,77,12,80,2,77(12),80(2)
BRR,BBR,5100100,264617,4501913,333570,183331,4873967,42802,5,7,4,1,5(7),4(1)
BRR,BRB,5100100,2202897,2200611,696592,2478842,2475527,145731,43,14,49,3,43(14),49(3)
BRR,RBB,5100100,2200939,2200303,698858,2476575,2477316,146209,43,14,49,3,43(14),49(3)
BRR,RBR,5100100,2254824,2159958,685318,2847822,2141635,110643,44,13,56,2,44(13),56(2)
BRR,RRB,5100100,4770617,133630,195853,5087842,9768,2490,94,4,100,0,94(4),100(0)
BRR,RRR,5100100,5073816,5710,20574,5100022,57,21,99,0,100,0,99(0),100(0)
RBB,BBB,5100100,5073716,5735,20649,5100038,44,18,99,0,100,0,99(0),100(0)
RBB,BBR,5100100,4770107,133396,196597,5088125,9621,2354,94,4,100,0,94(4),100(0)
RBB,BRB,5100100,2255140,2159940,685020,2847125,2141909,111066,44,13,56,2,44(13),56(2)
RBB,BRR,5100100,2200303,2200939,698858,2477316,2476575,146209,43,14,49,3,43(14),49(3)
RBB,RBR,5100100,2201094,2201251,697755,2476048,2478217,145835,43,14,49,3,43(14),49(3)
RBB,RRB,5100100,264574,4502418,333108,183260,4873901,42939,5,7,4,1,5(7),4(1)
RBB,RRR,5100100,3925173,574584,600343,4100318,898009,101773,77,12,80,2,77(12),80(2)
RBR,BBB,5100100,3540086,856096,703918,3706051,1285440,108609,69,14,73,2,69(14),73(2)
RBR,BBR,5100100,579096,4040876,480128,348966,4680612,70522,11,9,7,1,11(9),7(1)
RBR,BRB,5100100,2071959,2071482,956659,2488152,2489523,122425,41,19,49,2,41(19),49(2)
RBR,BRR,5100100,2159958,2254824,685318,2141635,2847822,110643,42,13,42,2,42(13),42(2)
RBR,RBB,5100100,2201251,2201094,697755,2478217,2476048,145835,43,14,49,3,43(14),49(3)
RBR,RRB,5100100,592015,4086124,421961,630980,4402438,66682,12,8,12,1,12(8),12(1)
RBR,RRR,5100100,3389867,1079997,630236,3603338,1413870,82892,66,12,71,2,66(12),71(2)
RRB,BBB,5100100,4933756,42534,123810,5038351,48501,13248,97,2,99,0,97(2),99(0)
RRB,BBR,5100100,2088541,2087453,924106,2436653,2437506,225941,41,18,48,4,41(18),48(4)
RRB,BRB,5100100,4041108,577933,481059,4680322,348610,71168,79,9,92,1,79(9),92(1)
RRB,BRR,5100100,133630,4770617,195853,9768,5087842,2490,3,4,0,0,3(4),0(0)
RRB,RBB,5100100,4502418,264574,333108,4873901,183260,42939,88,7,96,1,88(7),96(1)
RRB,RBR,5100100,4086124,592015,421961,4402438,630980,66682,80,8,86,1,80(8),86(1)
RRB,RRR,5100100,2249169,2065021,785910,2591843,2406521,101736,44,15,51,2,44(15),51(2)
RRR,BBB,5100100,1659838,1657264,1782998,2477468,2476192,146440,33,35,49,3,33(35),49(3)
RRR,BBR,5100100,42396,4932969,124735,47833,5038880,13387,1,2,1,0,1(2),1(0)
RRR,BRB,5100100,856570,3539938,703592,1287344,3703742,109014,17,14,25,2,17(14),25(2)
RRR,BRR,5100100,5710,5073816,20574,57,5100022,21,0,0,0,0,0(0),0(0)
RRR,RBB,5100100,574584,3925173,600343,898009,4100318,101773,11,12,18,2,11(12),18(2)
RRR,RBR,5100100,1079997,3389867,630236,1413870,3603338,82892,21,12,28,2,21(12),28(2)
RRR,RRB,5100100,2065021,2249169,785910,2406521,2591843,101736,40,15,47,2,40(15),47(2)
